[{"__symbolic":"module","version":3,"metadata":{"AccordionHeading":{"__symbolic":"class","decorators":[{"__symbolic":"call","expression":{"__symbolic":"reference","module":"@angular/core","name":"Component"},"arguments":[{"selector":"accordion-heading","template":"<ng-content></ng-content>"}]}]}}},{"__symbolic":"module","version":1,"metadata":{"AccordionHeading":{"__symbolic":"class","decorators":[{"__symbolic":"call","expression":{"__symbolic":"reference","module":"@angular/core","name":"Component"},"arguments":[{"selector":"accordion-heading","template":"<ng-content></ng-content>"}]}]}}}]