[{"__symbolic":"module","version":3,"metadata":{"AccordionGroup":{"__symbolic":"class","decorators":[{"__symbolic":"call","expression":{"__symbolic":"reference","module":"@angular/core","name":"Component"},"arguments":[{"selector":"accordion-group","template":"\n  <div class=\"panel panel-default\" [class.dropup]=\"isOpened\" [class.disabled]=\"disabled\">\n    <div class=\"panel-heading\" role=\"tab\" (click)=\"checkAndToggle()\">\n      <h4 class=\"panel-title\">\n        <a *ngIf=\"heading\" role=\"button\" data-toggle=\"collapse\" [attr.aria-expanded]=\"isOpened\">\n            {{ heading }}\n        </a>\n        <ng-content select=\"accordion-heading\"></ng-content>\n        <div class=\"caret\" [style.display]=\"accordion.showArrows ? '' : 'none'\">\n        </div>\n      </h4>\n    </div>\n    <div *ngIf=\"isOpened\" class=\"panel-collapse collapse in\" role=\"tabpanel\" [attr.aria-labelledby]=\"heading\">\n      <div class=\"panel-body\">\n        <ng-content></ng-content>\n      </div>\n    </div>\n  </div>\n"}]}],"members":{"heading":[{"__symbolic":"property","decorators":[{"__symbolic":"call","expression":{"__symbolic":"reference","module":"@angular/core","name":"Input"}}]}],"isOpened":[{"__symbolic":"property","decorators":[{"__symbolic":"call","expression":{"__symbolic":"reference","module":"@angular/core","name":"Input"}}]}],"onOpen":[{"__symbolic":"property","decorators":[{"__symbolic":"call","expression":{"__symbolic":"reference","module":"@angular/core","name":"Output"}}]}],"onClose":[{"__symbolic":"property","decorators":[{"__symbolic":"call","expression":{"__symbolic":"reference","module":"@angular/core","name":"Output"}}]}],"onToggle":[{"__symbolic":"property","decorators":[{"__symbolic":"call","expression":{"__symbolic":"reference","module":"@angular/core","name":"Output"}}]}],"toggler":[{"__symbolic":"property","decorators":[{"__symbolic":"call","expression":{"__symbolic":"reference","module":"@angular/core","name":"ContentChild"},"arguments":[{"__symbolic":"reference","module":"./AccordionToggle","name":"AccordionToggle"}]}]}],"disabled":[{"__symbolic":"property","decorators":[{"__symbolic":"call","expression":{"__symbolic":"reference","module":"@angular/core","name":"Input"}}]}],"__ctor__":[{"__symbolic":"constructor","parameterDecorators":[[{"__symbolic":"call","expression":{"__symbolic":"reference","module":"@angular/core","name":"Host"}},{"__symbolic":"call","expression":{"__symbolic":"reference","module":"@angular/core","name":"Inject"},"arguments":[{"__symbolic":"reference","module":"./Accordion","name":"Accordion"}]}],null],"parameters":[{"__symbolic":"reference","module":"./Accordion","name":"Accordion"},{"__symbolic":"reference","module":"@angular/core","name":"ChangeDetectorRef"}]}],"checkAndToggle":[{"__symbolic":"method"}],"toggle":[{"__symbolic":"method"}],"openOnInitialization":[{"__symbolic":"method"}]}}}},{"__symbolic":"module","version":1,"metadata":{"AccordionGroup":{"__symbolic":"class","decorators":[{"__symbolic":"call","expression":{"__symbolic":"reference","module":"@angular/core","name":"Component"},"arguments":[{"selector":"accordion-group","template":"\n  <div class=\"panel panel-default\" [class.dropup]=\"isOpened\" [class.disabled]=\"disabled\">\n    <div class=\"panel-heading\" role=\"tab\" (click)=\"checkAndToggle()\">\n      <h4 class=\"panel-title\">\n        <a *ngIf=\"heading\" role=\"button\" data-toggle=\"collapse\" [attr.aria-expanded]=\"isOpened\">\n            {{ heading }}\n        </a>\n        <ng-content select=\"accordion-heading\"></ng-content>\n        <div class=\"caret\" [style.display]=\"accordion.showArrows ? '' : 'none'\">\n        </div>\n      </h4>\n    </div>\n    <div *ngIf=\"isOpened\" class=\"panel-collapse collapse in\" role=\"tabpanel\" [attr.aria-labelledby]=\"heading\">\n      <div class=\"panel-body\">\n        <ng-content></ng-content>\n      </div>\n    </div>\n  </div>\n"}]}],"members":{"heading":[{"__symbolic":"property","decorators":[{"__symbolic":"call","expression":{"__symbolic":"reference","module":"@angular/core","name":"Input"}}]}],"isOpened":[{"__symbolic":"property","decorators":[{"__symbolic":"call","expression":{"__symbolic":"reference","module":"@angular/core","name":"Input"}}]}],"onOpen":[{"__symbolic":"property","decorators":[{"__symbolic":"call","expression":{"__symbolic":"reference","module":"@angular/core","name":"Output"}}]}],"onClose":[{"__symbolic":"property","decorators":[{"__symbolic":"call","expression":{"__symbolic":"reference","module":"@angular/core","name":"Output"}}]}],"onToggle":[{"__symbolic":"property","decorators":[{"__symbolic":"call","expression":{"__symbolic":"reference","module":"@angular/core","name":"Output"}}]}],"toggler":[{"__symbolic":"property","decorators":[{"__symbolic":"call","expression":{"__symbolic":"reference","module":"@angular/core","name":"ContentChild"},"arguments":[{"__symbolic":"reference","module":"./AccordionToggle","name":"AccordionToggle"}]}]}],"disabled":[{"__symbolic":"property","decorators":[{"__symbolic":"call","expression":{"__symbolic":"reference","module":"@angular/core","name":"Input"}}]}],"__ctor__":[{"__symbolic":"constructor","parameterDecorators":[[{"__symbolic":"call","expression":{"__symbolic":"reference","module":"@angular/core","name":"Host"}},{"__symbolic":"call","expression":{"__symbolic":"reference","module":"@angular/core","name":"Inject"},"arguments":[{"__symbolic":"reference","module":"./Accordion","name":"Accordion"}]}],null],"parameters":[{"__symbolic":"reference","module":"./Accordion","name":"Accordion"},{"__symbolic":"reference","module":"@angular/core","name":"ChangeDetectorRef"}]}],"checkAndToggle":[{"__symbolic":"method"}],"toggle":[{"__symbolic":"method"}],"openOnInitialization":[{"__symbolic":"method"}]}}}}]