[{"__symbolic":"module","version":3,"metadata":{"AccordionModule":{"__symbolic":"class","decorators":[{"__symbolic":"call","expression":{"__symbolic":"reference","module":"@angular/core","name":"NgModule"},"arguments":[{"imports":[{"__symbolic":"reference","module":"@angular/common","name":"CommonModule"}],"declarations":[{"__symbolic":"reference","module":"./Accordion","name":"Accordion"},{"__symbolic":"reference","module":"./AccordionGroup","name":"AccordionGroup"},{"__symbolic":"reference","module":"./AccordionToggle","name":"AccordionToggle"},{"__symbolic":"reference","module":"./AccordionHeading","name":"AccordionHeading"}],"exports":[{"__symbolic":"reference","module":"./Accordion","name":"Accordion"},{"__symbolic":"reference","module":"./AccordionGroup","name":"AccordionGroup"},{"__symbolic":"reference","module":"./AccordionToggle","name":"AccordionToggle"},{"__symbolic":"reference","module":"./AccordionHeading","name":"AccordionHeading"}]}]}]}},"exports":[{"from":"./Accordion"},{"from":"./AccordionGroup"},{"from":"./AccordionToggle"},{"from":"./AccordionHeading"}]},{"__symbolic":"module","version":1,"metadata":{"AccordionModule":{"__symbolic":"class","decorators":[{"__symbolic":"call","expression":{"__symbolic":"reference","module":"@angular/core","name":"NgModule"},"arguments":[{"imports":[{"__symbolic":"reference","module":"@angular/common","name":"CommonModule"}],"declarations":[{"__symbolic":"reference","module":"./Accordion","name":"Accordion"},{"__symbolic":"reference","module":"./AccordionGroup","name":"AccordionGroup"},{"__symbolic":"reference","module":"./AccordionToggle","name":"AccordionToggle"},{"__symbolic":"reference","module":"./AccordionHeading","name":"AccordionHeading"}],"exports":[{"__symbolic":"reference","module":"./Accordion","name":"Accordion"},{"__symbolic":"reference","module":"./AccordionGroup","name":"AccordionGroup"},{"__symbolic":"reference","module":"./AccordionToggle","name":"AccordionToggle"},{"__symbolic":"reference","module":"./AccordionHeading","name":"AccordionHeading"}]}]}]}},"exports":[{"from":"./Accordion"},{"from":"./AccordionGroup"},{"from":"./AccordionToggle"},{"from":"./AccordionHeading"}]}]