<?xml version="1.0" encoding="utf-8" ?>

<Topiclist>
  <Topics id="myprofile">
    <Title>MyProfile</Title>
    <IconCssclass>users-icon</IconCssclass>
    <Url>/selfservice/Profile/Index</Url>
    <Main HideInMenu="Y">
      <Topic IsPopup="N" IsIEOnly="N">
        <Title>New_Alert</Title>
        <Object>7</Object>
        <Action>2</Action>
        <Url>/athoc-iws/ScenarioManager/scenariopublisher</Url>
        <Explanation>New_Alert_Explanation</Explanation>
      </Topic>
      <Topic IsPopup="N" IsIEOnly="N">
        <Title>EventManager</Title>
        <Object></Object>
        <Action></Action>
        <Url>/athoc-iws/EventManager/Index</Url>
        <Explanation>EventManager_Explanation</Explanation>
      </Topic>
    </Main>
  </Topics>
  <Topics id="myactivity">
    <Title>MyActivity</Title>
    <IconCssclass>alerting-icon</IconCssclass>
    <Url>/selfservice/ActivityFeed/Index</Url>
    <Main HideInMenu="Y">
      <Topic IsPopup="N" IsIEOnly="N">
        <Title>New_Alert</Title>
        <Object>7</Object>
        <Action>2</Action>
        <Url>/client/AlertManager/Create</Url>
        <Explanation>New_Alert_Explanation</Explanation>
      </Topic>
    </Main>
  </Topics>
 <Topics id="alerting">
		<Title>Alerting</Title>
		<IconCssclass>alerting-icon</IconCssclass>
		<Main>
			<Topic IsPopup="N" IsIEOnly="N">
				<Title>New_Alert</Title>
				<Object>7</Object>
				<Action>2</Action>
				<Url>/athoc-iws/ScenarioManager/scenariopublisher</Url>
				<Explanation>New_Alert_Explanation</Explanation>
			</Topic>
			<Topic IsPopup="N" IsIEOnly="N">
				<Title>Alert_Manager</Title>
				<Object>7</Object>
				<Action>1</Action>
				<Url>/athoc-iws/AlertManager/Index</Url>
				<Explanation>Alert_Manager_Explanation</Explanation>
			</Topic>
		</Main>
		<Settings>
			<Topic IsPopup="N" IsIEOnly="N">
				<Title>Scenario_Manager</Title>
				<Object>28</Object>
				<Action>1</Action>
				<Url>/athoc-iws/ScenarioManager</Url>
			</Topic>
			<Topic IsPopup="N" IsIEOnly="N">
				<Title>Alert Placeholders</Title>
				<Object>58</Object>
				<Action>2</Action>
				<Url>/client/placeholdermanager/index</Url>
			</Topic>
			<Topic IsPopup="N" IsIEOnly="Y" IsV1Manager="Y" IdToHighlight="settings">
				<Title>Alert_Categories</Title>
				<Object>34</Object>
				<Action>1</Action>
			</Topic>
			<Topic IsPopup="N" IsIEOnly="Y">
				<Title>Device_Manager</Title>
				<Object>59</Object>
				<Action>2</Action>
				<Url>/client/devicemanager/index</Url>
			</Topic>
      <Topic IsPopup="N" IsIEOnly="N" IdToHighlight="settings">
        <Title>Delivery_Templates</Title>
        <Object>25</Object>
        <Action>1</Action>
        <Url>/athoc-iws/settings/DeliveryTemplate</Url>
        <Explanation>Delivery_Templates_Explanation</Explanation>
      </Topic>
      <Topic IsPopup="N" IsIEOnly="Y">
        <Title>Inbound_Events</Title>
        <Object>72</Object>
        <Action>2</Action>
        <Url>/client/eventcategory/index</Url>
      </Topic>
		</Settings>
	</Topics>
	<Topics id="situation">
		<Title>Situation</Title>
		<IconCssclass>situation-icon</IconCssclass>
		<Main>
      <Topic IsPopup="Y" IsIEOnly="N">
        <Title>Map</Title>
        <Object>78</Object>
        <Action>1</Action>
        <Script>mapPopup()</Script>
        <Explanation>Map_Explanation</Explanation>
      </Topic>
		
		</Main>
		<Settings>
			<Topic IsPopup="N" IsIEOnly="Y">
				<Title>Situation_Settings</Title>
				<Object>81</Object>
				<Action>2</Action>
				<Url>/client/ssasetup/ssa</Url>
			</Topic>
			<Topic IsPopup="N" IsIEOnly="Y">
				<Title>Map_and_Layers</Title>
				<Object>81</Object>
				<Action>2</Action>
				<Url>/client/ssasetup/map</Url>
			</Topic>
		</Settings>
	</Topics>
	<Topics id="users">
		<Title>Users</Title>
		<IconCssclass>users-icon</IconCssclass>
		<Main>
			<Topic IsPopup="N" IsIEOnly="N">
				<Title>User_Manager</Title>
				<Object>33</Object>
				<Action>1</Action>
				<Url>/athoc-iws/usermanager</Url>
				<Explanation>User_Manager_Explanation</Explanation>
			</Topic>
			<Topic  IsPopup="N" IsIEOnly="N">
				<Title>Distribution_List_Manager</Title>
				<Object>41</Object>
				<Action>1</Action>
				<Url>/athoc-iws/DistributionList/Index</Url>
				<Explanation>Distribution_List_Manager_Explanation</Explanation>
			</Topic>
		</Main>
		<Settings>
			<Topic IsPopup="N" IsIEOnly="Y"  IsV1Manager="Y" IdToHighlight="settings">
				<Title>Custom_Attributes</Title>
				<Object>39</Object>
				<Action>1</Action>
				<Url>/client/gosomewhere</Url>
			</Topic>
		</Settings>
	</Topics>
  <Topics id="organizations">
    <Title>Organizations</Title>
    <IconCssclass>alerting-icon</IconCssclass>
    <Main>
      <Topic IsPopup="N" IsIEOnly="N">
        <Title>Organization_Manager</Title>
        <Object>85</Object>
        <Action>1</Action>
        <Url>/athoc-iws/organization</Url>
        <Explanation>Organization_Manager_Explanation</Explanation>
      </Topic>
      <Topic IsPopup="N" IsIEOnly="N">
        <Title>Organization_New_Connection</Title>
        <Object>85</Object>
        <Action>1</Action>
        <Url>/athoc-iws/organization?isExistingConnections=false</Url>
        <Explanation>Organization_New_Connection_Explanation</Explanation>
      </Topic>
    </Main>
    <Settings>
      <Topic IsPopup="N" IsIEOnly="N">
        <Title>Organization_Settings</Title>
        <Object>88</Object>
        <Action>1</Action>
        <Url>/athoc-iws/settings/organizationsettings</Url>
      </Topic>
    </Settings>
  </Topics>
	<Topics id="reports">
		<Title>Reports</Title>
		<IconCssclass>reports-icon</IconCssclass>
		<Main>
			<Topic IsPopup="N" IsIEOnly="N">
				<Title>Personnel_Reports</Title>
				<Object>46</Object>
				<Action>1</Action>
				<Url>/client/Home/PersonnelReport</Url>
				<Explanation>Personnel_Reports_Explanation</Explanation>
			</Topic>
			<Topic IsPopup="N" IsIEOnly="N">
				<Title>Alerts_Usage</Title>
				<Object>66</Object>
				<Action>1</Action>
				<Url>/Client/home/AlertSummaryReport</Url>
				<Explanation>Alerts_Usage_Explanation</Explanation>
			</Topic>
			<Topic  IsPopup="N" IsIEOnly="N">
				<Title>User_Summary</Title>
				<Object>67</Object>
				<Action>1</Action>
				<Url>/client/report/EndUserSummary</Url>
				<Explanation>User_Summary_Explanation</Explanation>
			</Topic>
		</Main>
	</Topics>
	<Topics id="iwsOperator">
		<Title InsertUserName="Y">REPLACE ME</Title>
		<IconCssclass>profile-icon</IconCssclass>
		<Main>
			<Topic IsPopup="N" IsIEOnly="N">
				<Title>MyProfile</Title>
				<Object></Object>
				<Action></Action>
				<Url>/SelfService/Profile/Index</Url>
				<Explanation>MyProfile_Explanation</Explanation>
			</Topic>
      <Topic IsPopup="N" IsIEOnly="N">
        <Title>MyActivity</Title>
        <Object></Object>
        <Action></Action>
        <Url>/SelfService/ActivityFeed/Index</Url>
        <Explanation>MyActivity_Explanation</Explanation>
      </Topic>
      <Topic IsPopup="N" IsIEOnly="N" ShowForMultipleVPSAccess="Y">
        <Title>Change_Virtual_System</Title>
        <Object></Object>
        <Action></Action>
        <!--<Url>/someone-will-implement-this</Url>-->
        <Url>/client/Home/ChangeProvider</Url>
        <Explanation>Change_Virtual_System_Explanation</Explanation>
      </Topic>
			<Topic IsPopup="N" IsIEOnly="N">
				<Title>Send_Feedback</Title>
				<Object></Object>
				<Action></Action>
				<MailTo>mailto:support@athoc.com?Subject=Feedback</MailTo>
				<Explanation>Send_Feedback_Explanation</Explanation>
			</Topic>
     
			<Topic IsPopup="N" IsIEOnly="N">
				<Title>Log_Out</Title>
				<Object></Object>
				<Action></Action>
        <Url>/SelfService/Account/SignOut</Url>
				<!--<Script>submitLogout()</Script>-->
				<Explanation>Log_Out_Explanation</Explanation>
			</Topic>
		</Main>
	</Topics>
	<Topics id="settings">
		<Title>Settings</Title>
		<IconCssclass>settings-icon</IconCssclass>
		<Url>/client/setup/settings</Url>
		<Main HideInMenu="Y">
		<Section id="basic">
			<Title>Basic</Title>
			<IconCssclass>settings-basic</IconCssclass>
			<Subsection>
			<Topic IsPopup="N" IsIEOnly="Y" IsV1Page="Y" IdToHighlight="settings">
				<Title>Virtual_System_Settings</Title>
				<Object>58</Object>
				<Action>2</Action>
				<Url>/client/users/client/tools/provider/parameters.asp</Url>
				<Explanation>Virtual_System_Settings_Explanation</Explanation>
			</Topic>
			<Topic IsPopup="N" IsIEOnly="N">
				<Title>Alert Placeholders</Title>
				<Object>58</Object>
				<Action>2</Action>
				<Url>/client/placeholdermanager/index</Url>
				<Explanation>Placeholders_Explanation</Explanation>
			</Topic>
			<Topic IsPopup="N" IsIEOnly="N">
				<Title>Scenario_Manager</Title>
				<Object>28</Object>
				<Action>1</Action>
				<Url>/athoc-iws/ScenarioManager</Url>
				<Explanation>Scenario_Manager_Explanation</Explanation>
			</Topic>
			<Topic IsPopup="N" IsIEOnly="Y" IsV1Manager="Y"  IdToHighlight="settings">
				<Title>Alert_Channels</Title>
				<Object>34</Object>
				<Action>1</Action>
				<Explanation>Alert_Channels_Explanation</Explanation>
			</Topic>
        <Topic IsPopup="N" IsIEOnly="N" IdToHighlight="settings">
          <Title>Delivery_Templates</Title>
          <Object>25</Object>
          <Action>1</Action>
          <Url>/athoc-iws/settings/DeliveryTemplate</Url>
          <Explanation>Delivery_Templates_Explanation</Explanation>
        </Topic>
			<Topic IsPopup="N" IsIEOnly="Y" IsV1Manager="Y"  IdToHighlight="settings">
				<Title>Audio_Files</Title>
				<Object>32</Object>
				<Action>1</Action>
				<Explanation>Audio_Files_Explanation</Explanation>
			</Topic>
			<Topic IsPopup="N" IsIEOnly="Y">
				<Title>Custom_Dictionary</Title>
				<Object>70</Object>
				<Action>2</Action>
				<Url>/client/setup/EditWordList</Url>
				<Explanation>Custom_Dictionary_Explanation</Explanation>
			</Topic>
      <Topic IsPopup="N" IsIEOnly="Y">
        <Title>Inbound_Events</Title>
        <Object>72</Object>
        <Action>2</Action>
        <Url>/client/eventcategory/index</Url>
        <Explanation>Inbound_Events_Explanation</Explanation>
      </Topic>
			</Subsection>
		</Section>
		<Section id="users">
			<Title>Users</Title>
			<IconCssclass>settings-user-data</IconCssclass>
			<Subsection>
				<Topic IsPopup="N" IsIEOnly="Y"  IsV1Manager="Y" IdToHighlight="settings">
					<Title>Custom_Attributes</Title>
					<Object>39</Object>
					<Action>1</Action>
					<Explanation>Custom_Attributes_Explanation</Explanation>
				</Topic>
				<Topic  IsPopup="N" IsIEOnly="Y">
					<Title>Disable_and_Delete_End_Users</Title>
					<Object>73</Object>
					<Action>2</Action>
					<Url>/client/setup/AutoModifyUsers</Url>
					<Explanation>Disable_and_Delete_End_Users_Explanation</Explanation>
				</Topic>
				<Topic  IsPopup="N" IsIEOnly="N">
					<Title>Advanced_Operator_Manager</Title>
					<Object>12</Object>
					<Action>1</Action>
					<Url>/Client/Operatormanager/Index</Url>
					<Explanation>Advanced_Operator_Manager_Explanation</Explanation>
				</Topic>
			</Subsection>
		</Section>
		<Section id="situation">
			<Title>Situation</Title>
			<IconCssclass>settings-situation</IconCssclass>
				<Subsection>
					<Topic IsPopup="N" IsIEOnly="Y">
					<Title>Situation Settings</Title>
					<Object>81</Object>
					<Action>2</Action>
					<Url>/client/ssasetup/ssa</Url>
					<Explanation>Situation_Settings_Explanation</Explanation>
					</Topic>
				<Topic IsPopup="N" IsIEOnly="Y">
					<Title>Map_and_Layers</Title>
					<Object>81</Object>
					<Action>2</Action>
					<Url>/client/ssasetup/map</Url>
					<Explanation>Map_and_Layers_Explanation</Explanation>
				</Topic>
				</Subsection>
		</Section>
		<Section id="devices">
			<Title>Devices</Title>
			<IconCssclass>settings-devices</IconCssclass>
			<Subsection>>
				<Topic IsPopup="N" IsIEOnly="Y">
					<Title>Device_Manager</Title>
					<Object>59</Object>
					<Action>2</Action>
					<Url>/client/DeviceManager/Index</Url>
					<Explanation>Device_Manager_Explanation</Explanation>
				</Topic>
				<Topic IsPopup="N" IsIEOnly="Y" IsV1Manager="Y"   IdToHighlight="settings">
					<Title>Mass_Device_Manager</Title>
					<Object>84</Object>
					<Action>1</Action>
					<Explanation>Mass_Device_Manager_Explanation</Explanation>
				</Topic>
			</Subsection>
			<Subsection>
				<Topic IsPopup="N" IsIEOnly="Y" IsV1Manager="Y" AttachGateways="Y" IdToHighlight="settings">
					<Title>Desktop_Client_Menu</Title>
					<Object>1</Object>
					<Action>2</Action>
					<Explanation>Desktop_Client_Menu_Explanation</Explanation>
				</Topic>
			</Subsection>
		</Section>
		<Section id="system">
			<Title>System Setup</Title>
			<IconCssclass>settings-system</IconCssclass>
			<Subsection>
					<Topic IsPopup="N" IsIEOnly="N" IdToHighlight="settings">
						<Title>System_Settings</Title>
						<Object>54</Object>
						<Action>2</Action>
						<Url>/athoc-iws/Settings/System</Url>
						<Explanation>System_Settings_Explanation</Explanation>
					</Topic>
					<Topic IsPopup="N" IsIEOnly="N" IdToHighlight="settings">
						<Title>Security_Policy</Title>
						<Object>38</Object>
						<Action>2</Action>
						<Url>/athoc-iws/settings/securitypolicy</Url>
						<Explanation>Security_Policy_Explanation</Explanation>
					</Topic>
				</Subsection>
			<Subsection>
				<Topic IsPopup="N" IsIEOnly="Y">
					<Title>Global_System_Health</Title>
					<Object>68</Object>
					<Action>1</Action>
					<Url>/Client/Health/Console</Url>
					<Explanation>Global_System_Health_Explanation</Explanation>
				</Topic>
				<Topic IsPopup="N" IsIEOnly="Y">
					<Title>Virtual_System_Health</Title>
					<Object>69</Object>
					<Action>1</Action>
					<Url>/Client/Health/Console/Virtualsystem</Url>
					<Explanation>Virtual_System_Health_Explanation</Explanation>
				</Topic>
				<Topic IsPopup="N" IsIEOnly="Y">
					<Title>Event_Log</Title>
					<Object>75</Object>
					<Action>1</Action>
					<Url>/Client/Eventmanager/Index</Url>
					<Explanation>Event_Log_Explanation</Explanation>
				</Topic>
				<Topic IsPopup="N" IsIEOnly="Y">
					<Title>Archive</Title>
					<Object>50</Object>
					<Action>2</Action>
					<Url>/Client/Task/Databasearchaction</Url>
					<Explanation>Archive_Explanation</Explanation>
				</Topic>
			</Subsection>
			<Subsection>
				<Topic IsPopup="N" IsV1Manager="Y" IsIEOnly="Y" IdToHighlight="settings">
					<Title>Virtual_Systems_Manager</Title>
					<Object>55</Object>
					<Action>2</Action>
					<Explanation>Virtual_Systems_Manager_Explanation</Explanation>
				</Topic>
				<!--<Topic IsPopup="N" IsIEOnly="Y">
					<Title>IIM</Title>
					<Object>82</Object>
					<Action>2</Action>
					<Url>/client/IIMManager/Index</Url>
					<Explanation>IIM_Explanation</Explanation>
				</Topic>-->
				<Topic IsPopup="N" IsV1Manager="Y" IsIEOnly="Y" IdToHighlight="settings">
					<Title>Agents_Manager</Title>
					<Object>61</Object>
					<Action>2</Action>
					<Explanation>Agents_Manager_Explanation</Explanation>
				</Topic>
				<Topic IsPopup="N" IsV1Page="Y" IsIEOnly="Y" IdToHighlight="settings">
					<Title>System_Log</Title>
					<Object>40</Object>
					<Action>1</Action>
					<Url>/Client/Users/Client/Tools/Reports/Auditreport.Asp</Url>
					<Explanation>System_Log_Explanation</Explanation>
				</Topic>
				<Topic IsPopup="N" IsIEOnly="Y">
					<Title>Automated_Tasks</Title>
					<Object>48</Object>
					<Action>2</Action>
					<Url>/Client/Task/Jobs</Url>
					<Explanation>Automated_Tasks_Explanation</Explanation>
				</Topic>
			</Subsection>
		</Section>
		</Main>
	</Topics>



	
	
</Topiclist>