﻿[
  {
    "outputFile": "wwwroot/app/account/registration/registrationWizard/accountInfo/accountInfoComponent.css",
    "inputFile": "wwwroot/app/account/registration/registrationWizard/accountInfo/accountInfoComponent.scss"
  },
  {
    "outputFile": "wwwroot/assets/scss/app.css",
    "inputFile": "wwwroot/assets/scss/app.scss"
  },
  {
    "outputFile": "wwwroot/app/account/registration/registrationWizard/personalInfo/personalInfoComponent.css",
    "inputFile": "wwwroot/app/account/registration/registrationWizard/personalInfo/personalInfoComponent.scss"
  },
  {
    "outputFile": "wwwroot/app/account/registration/registrationWizard/addressInfo/addressInfoComponent.css",
    "inputFile": "wwwroot/app/account/registration/registrationWizard/addressInfo/addressInfoComponent.scss"
  },
  {
    "outputFile": "wwwroot/app/account/registration/registrationWizard/organizationInfo/organizationInfoComponent.css",
    "inputFile": "wwwroot/app/account/registration/registrationWizard/organizationInfo/organizationInfoComponent.scss"
  },
  {
    "outputFile": "wwwroot/app/account/registration/registrationWizard/otherInfo/otherInfoComponent.css",
    "inputFile": "wwwroot/app/account/registration/registrationWizard/otherInfo/otherInfoComponent.scss"
  },
  {
    "outputFile": "wwwroot/app/account/registration/registrationWizard-suresh/accountInfo/accountInfoComponent.css",
    "inputFile": "wwwroot/app/account/registration/registrationWizard-suresh/accountInfo/accountInfoComponent.scss"
  },
  {
    "outputFile": "wwwroot/app/account/registration/registrationWizard/preview/previewComponent.css",
    "inputFile": "wwwroot/app/account/registration/registrationWizard/preview/previewComponent.scss"
  },
  {
    "outputFile": "wwwroot/app/account/LoginComponent.css",
    "inputFile": "wwwroot/app/account/LoginComponent.scss"
  }
]