﻿<?xml version="1.0"?>
<GeneratorList xmlns:xsd="http://www.w3.org/2001/XMLSchema" xmlns:xsi="http://www.w3.org/2001/XMLSchema-instance">

  <GeneratorItem databaseName="UseofForce" schemaName="dbo" tableName="Address" showNavProperties="true" showNavColumns="true" />
  <GeneratorItem databaseName="UseofForce" schemaName="dbo" tableName="AddressType" showNavProperties="true" showNavColumns="true" />
  <GeneratorItem databaseName="UseofForce" schemaName="dbo" tableName="CFRT_RolledOut" showNavProperties="true" showNavColumns="true" />
  <GeneratorItem databaseName="UseofForce" schemaName="dbo" tableName="ChargeCode" showNavProperties="true" showNavColumns="true" />
  <GeneratorItem databaseName="UseofForce" schemaName="dbo" tableName="ChargeCodeType" showNavProperties="true" showNavColumns="true" />
  <GeneratorItem databaseName="UseofForce" schemaName="dbo" tableName="Contact" showNavProperties="true" showNavColumns="true" />
  <GeneratorItem databaseName="UseofForce" schemaName="dbo" tableName="ContactType" showNavProperties="true" showNavColumns="true" />
  <GeneratorItem databaseName="UseofForce" schemaName="dbo" tableName="ForceOnSuspect" showNavProperties="true" showNavColumns="true" />
  <GeneratorItem databaseName="UseofForce" schemaName="dbo" tableName="Handler" showNavProperties="true" showNavColumns="true" />
  <GeneratorItem databaseName="UseofForce" schemaName="dbo" tableName="Hospital" showNavProperties="true" showNavColumns="true" />
  <GeneratorItem databaseName="UseofForce" schemaName="dbo" tableName="IAB_RolledOut" showNavProperties="true" showNavColumns="true" />
  <GeneratorItem databaseName="UseofForce" schemaName="dbo" tableName="Incident" showNavProperties="true" showNavColumns="true" />
  <GeneratorItem databaseName="UseofForce" schemaName="dbo" tableName="IncidentCanineDeployment" showNavProperties="true" showNavColumns="true" />
  <GeneratorItem databaseName="UseofForce" schemaName="dbo" tableName="IncidentUser" showNavProperties="true" showNavColumns="true" />
  <GeneratorItem databaseName="UseofForce" schemaName="dbo" tableName="IncidentUserChargeCode" showNavProperties="true" showNavColumns="true" />
  <GeneratorItem databaseName="UseofForce" schemaName="dbo" tableName="IncidentUserCopy" showNavProperties="true" showNavColumns="true" />
  <GeneratorItem databaseName="UseofForce" schemaName="dbo" tableName="IncidentUserDirector" showNavProperties="true" showNavColumns="true" />
  <GeneratorItem databaseName="UseofForce" schemaName="dbo" tableName="IncidentUserInterview" showNavProperties="true" showNavColumns="true" />
  <GeneratorItem databaseName="UseofForce" schemaName="dbo" tableName="IncidentUserSuspect" showNavProperties="true" showNavColumns="true" />
  <GeneratorItem databaseName="UseofForce" schemaName="dbo" tableName="IncidentUserWitness" showNavProperties="true" showNavColumns="true" />
  <GeneratorItem databaseName="UseofForce" schemaName="dbo" tableName="Treatment" showNavProperties="true" showNavColumns="true" />
  <GeneratorItem databaseName="UseofForce" schemaName="dbo" tableName="User" showNavProperties="true" showNavColumns="true" />
  <GeneratorItem databaseName="UseofForce" schemaName="dbo" tableName="UserAddress" showNavProperties="true" showNavColumns="true" />
  <GeneratorItem databaseName="UseofForce" schemaName="dbo" tableName="UserContact" showNavProperties="true" showNavColumns="true" />
  <GeneratorItem databaseName="UseofForce" schemaName="dbo" tableName="UserDetail" showNavProperties="true" showNavColumns="true" />
  <GeneratorItem databaseName="UseofForce" schemaName="dbo" tableName="UserType" showNavProperties="true" showNavColumns="true" />
  <GeneratorItem databaseName="UseofForce" schemaName="dbo" tableName="InmateInjury" showNavProperties="true" showNavColumns="true" />
  <GeneratorItem databaseName="UseofForce" schemaName="dbo" tableName="IncidentUserInvolved" showNavProperties="true" showNavColumns="true" />
  <GeneratorItem databaseName="UseofForce" schemaName="dbo" tableName="UofForm" showNavProperties="true" showNavColumns="true" />
  <GeneratorItem databaseName="UseofForce" schemaName="dbo" tableName="UserRole" showNavProperties="true" showNavColumns="true" />
  <GeneratorItem databaseName="UseofForce" schemaName="dbo" tableName="FormPermisssion" showNavProperties="true" showNavColumns="true" />
  <GeneratorItem databaseName="UseofForce" schemaName="dbo" tableName="IncidentCategoryForm" showNavProperties="true" showNavColumns="true" />
  <GeneratorItem databaseName="UseofForce" schemaName="dbo" tableName="IncidentFormData" showNavProperties="true" showNavColumns="true" />
  <GeneratorItem databaseName="UseofForce" schemaName="dbo" tableName="LookupBodyPart" showNavProperties="true" showNavColumns="true" />
  <GeneratorItem databaseName="UseofForce" schemaName="dbo" tableName="LookupInjury" showNavProperties="true" showNavColumns="true" />
  <GeneratorItem databaseName="UseofForce" schemaName="dbo" tableName="LookupMethod" showNavProperties="true" showNavColumns="true" />
  <GeneratorItem databaseName="UseofForce" schemaName="dbo" tableName="UofChildForm" showNavProperties="true" showNavColumns="true" />
  <GeneratorItem databaseName="UseofForce" schemaName="dbo" tableName="IncidentStatisticalData" showNavProperties="true" showNavColumns="true" />
  <GeneratorItem databaseName="UseofForce" schemaName="dbo" tableName="LookupCity" showNavProperties="true" showNavColumns="true" />
  <GeneratorItem databaseName="UseofForce" schemaName="dbo" tableName="LookupContactType" showNavProperties="true" showNavColumns="true" />
  <GeneratorItem databaseName="UseofForce" schemaName="dbo" tableName="LookupCustodyEvent" showNavProperties="true" showNavColumns="true" />
  <GeneratorItem databaseName="UseofForce" schemaName="dbo" tableName="LookupDress" showNavProperties="true" showNavColumns="true" />
  <GeneratorItem databaseName="UseofForce" schemaName="dbo" tableName="LookupFacility" showNavProperties="true" showNavColumns="true" />
  <GeneratorItem databaseName="UseofForce" schemaName="dbo" tableName="LookupInjurySeverity" showNavProperties="true" showNavColumns="true" />
  <GeneratorItem databaseName="UseofForce" schemaName="dbo" tableName="LookupLocationofForce" showNavProperties="true" showNavColumns="true" />
  <GeneratorItem databaseName="UseofForce" schemaName="dbo" tableName="LookupPerceivedArmed" showNavProperties="true" showNavColumns="true" />
  <GeneratorItem databaseName="UseofForce" schemaName="dbo" tableName="LookupRace" showNavProperties="true" showNavColumns="true" />
  <GeneratorItem databaseName="UseofForce" schemaName="dbo" tableName="LookupResistance" showNavProperties="true" showNavColumns="true" />
  <GeneratorItem databaseName="UseofForce" schemaName="dbo" tableName="LookupSex" showNavProperties="true" showNavColumns="true" />
  <GeneratorItem databaseName="UseofForce" schemaName="dbo" tableName="LookupSubstance" showNavProperties="true" showNavColumns="true" />
  <GeneratorItem databaseName="UseofForce" schemaName="dbo" tableName="LookupArmed" showNavProperties="true" showNavColumns="true" />
  <GeneratorItem databaseName="UseofForce" schemaName="dbo" tableName="LookupConfirmedArmed" showNavProperties="true" showNavColumns="true" />
  <GeneratorItem databaseName="UseofForce" schemaName="dbo" tableName="IncidentWorkflow" showNavProperties="true" showNavColumns="true" />
  <GeneratorItem databaseName="UseofForce" schemaName="dbo" tableName="IncidentFormReview" showNavProperties="true" showNavColumns="true" />
  <GeneratorItem databaseName="UseofForce" schemaName="dbo" tableName="DigitalSignatures" showNavProperties="true" showNavColumns="true" />
  <GeneratorItem databaseName="UseofForce" schemaName="dbo" tableName="EmailNotifications" showNavProperties="true" showNavColumns="true" />
  <GeneratorItem databaseName="UseofForce" schemaName="dbo" tableName="ReturnComments" showNavProperties="true" showNavColumns="true" />
  <GeneratorItem databaseName="UseofForce" schemaName="dbo" tableName="ReviewComments" showNavProperties="true" showNavColumns="true" />
  <GeneratorItem databaseName="UseofForce" schemaName="dbo" tableName="IncidentSergeant" showNavProperties="true" showNavColumns="true" />
  <GeneratorItem databaseName="UseofForce" schemaName="dbo" tableName="IncidentCFRTFlow" showNavProperties="true" showNavColumns="true" />
  <GeneratorItem databaseName="UseofForce" schemaName="dbo" tableName="IncidentBusinessAddress" showNavProperties="true" showNavColumns="true" />
  <GeneratorItem databaseName="UseofForce" schemaName="dbo" tableName="LookupStation" showNavProperties="true" showNavColumns="true" />
  <GeneratorItem databaseName="UseofForce" schemaName="dbo" tableName="LookupStaging" showNavProperties="true" showNavColumns="true" />
  <GeneratorItem databaseName="UseofForce" schemaName="dbo" tableName="LookupBureaus" showNavProperties="true" showNavColumns="true" />
  <GeneratorItem databaseName="UseofForce" schemaName="dbo" tableName="LookupSpecialHandle" showNavProperties="true" showNavColumns="true" />
  <GeneratorItem databaseName="UseofForce" schemaName="dbo" tableName="LookupSecurityLevel" showNavProperties="true" showNavColumns="true" />
  <GeneratorItem databaseName="UseofForce" schemaName="dbo" tableName="LookupInmateDress" showNavProperties="true" showNavColumns="true" />
  <GeneratorItem databaseName="UseofForce" schemaName="dbo" tableName="FormApprovalorReject" showNavProperties="true" showNavColumns="true" />
  <GeneratorItem databaseName="UseofForce" schemaName="dbo" tableName="IncidentFormExplaination" showNavProperties="true" showNavColumns="true" />
  <GeneratorItem databaseName="UseofForce" schemaName="dbo" tableName="ArtifactsInformation" showNavProperties="true" showNavColumns="true" />
  <GeneratorItem databaseName="UseofForce" schemaName="dbo" tableName="IncidentInvestigationOfficer" showNavProperties="true" showNavColumns="true" />
  <GeneratorItem databaseName="UseofForce" schemaName="dbo" tableName="UoF_ChangeRole" showNavProperties="true" showNavColumns="true" />
  <GeneratorItem databaseName="UseofForce" schemaName="dbo" tableName="AT_ChangeOwner" showNavProperties="true" showNavColumns="true" />
  <GeneratorItem databaseName="UseofForce" schemaName="dbo" tableName="IncidentRank" showNavProperties="true" showNavColumns="true" />
  <GeneratorItem databaseName="UseofForce" schemaName="dbo" tableName="FormReviewRank" showNavProperties="true" showNavColumns="true" />
<GeneratorItem databaseName="UseofForce" schemaName="dbo" tableName="IncidentPackage" showNavProperties="true" showNavColumns="true" />
<GeneratorItem databaseName="UseofForce" schemaName="dbo" tableName="IncidentMedicalUser" showNavProperties="true" showNavColumns="true" />
</GeneratorList>